course_da_number,course_title,ce_hours,subject_matter,course_format,organization,question_number,question_type,question_text,option_a,option_b,option_c,option_d,option_e,option_f,correct_option_letter,correct_answer_text
DA252,When aligners fall short: improving efficiency and control with aesthetic fixed appliances,1,Business/Practice Management,"LIVE/Online (Virtual Event, Webinar, Social Media Platform) (Presenter(s) must be available LIVE for Q & A to constitute as a LIVE/Online course) (Requires a 5 question quiz which will need to be provided below)
onDemand Recorded Video (Requires a 5 question quiz which will need to be provided below)",People + Practice LLC,1,true_false,Clear aligner therapy is always the most effective option regardless of patient compliance.,TRUE,FALSE,,,,,B,FALSE
DA252,When aligners fall short: improving efficiency and control with aesthetic fixed appliances,1,Business/Practice Management,"LIVE/Online (Virtual Event, Webinar, Social Media Platform) (Presenter(s) must be available LIVE for Q & A to constitute as a LIVE/Online course) (Requires a 5 question quiz which will need to be provided below)
onDemand Recorded Video (Requires a 5 question quiz which will need to be provided below)",People + Practice LLC,2,true_false,Improved precision in bracket and wire interaction can enhance treatment control and lead to more predictable finishing outcomes.,TRUE,FALSE,,,,,A,TRUE
DA252,When aligners fall short: improving efficiency and control with aesthetic fixed appliances,1,Business/Practice Management,"LIVE/Online (Virtual Event, Webinar, Social Media Platform) (Presenter(s) must be available LIVE for Q & A to constitute as a LIVE/Online course) (Requires a 5 question quiz which will need to be provided below)
onDemand Recorded Video (Requires a 5 question quiz which will need to be provided below)",People + Practice LLC,3,multiple_choice,When are aesthetic fixed appliances most appropriate?,Only for pediatric patients,Only for surgical cases,When aligners are ineffective due to compliance or clinical needs,Only for short treatments,,,C,When aligners are ineffective due to compliance or clinical needs
DA252,When aligners fall short: improving efficiency and control with aesthetic fixed appliances,1,Business/Practice Management,"LIVE/Online (Virtual Event, Webinar, Social Media Platform) (Presenter(s) must be available LIVE for Q & A to constitute as a LIVE/Online course) (Requires a 5 question quiz which will need to be provided below)
onDemand Recorded Video (Requires a 5 question quiz which will need to be provided below)",People + Practice LLC,4,multiple_choice,What is one operational benefit of improved treatment control?,Increased lab fees,More appointments per case,Reduced appointment frequency and improved efficiency,Increased treatment variability,,,C,Reduced appointment frequency and improved efficiency
DA252,When aligners fall short: improving efficiency and control with aesthetic fixed appliances,1,Business/Practice Management,"LIVE/Online (Virtual Event, Webinar, Social Media Platform) (Presenter(s) must be available LIVE for Q & A to constitute as a LIVE/Online course) (Requires a 5 question quiz which will need to be provided below)
onDemand Recorded Video (Requires a 5 question quiz which will need to be provided below)",People + Practice LLC,5,multiple_choice,What is an important consideration when implementing a new appliance system?,Team onboarding and workflow integration,Ignoring team training,Eliminating existing systems entirely,Immediate full-scale adoption without planning,,,A,Team onboarding and workflow integration
DA254,Open Dental Users Workshop 2026,4.75,Business/Practice Management,LIVE/In Person (Presenter(s) must be available LIVE for Q & A during the duration of the course to constitute as a LIVE/In Person course) (Requires a 5 question quiz which will need to be provided below),SKF Practice Solutions,1,true_false,"When Open Dental reports are not configured correctly, the financial data a practice owner sees may be inaccurate, leading to uninformed clinical and business decisions.",TRUE,FALSE,,,,,A,TRUE
DA254,Open Dental Users Workshop 2026,4.75,Business/Practice Management,LIVE/In Person (Presenter(s) must be available LIVE for Q & A during the duration of the course to constitute as a LIVE/In Person course) (Requires a 5 question quiz which will need to be provided below),SKF Practice Solutions,2,true_false,Open Dental's audit trail allows practice owners to see exactly how team members are navigating and using the software in real time.,TRUE,FALSE,,,,,A,TRUE
DA254,Open Dental Users Workshop 2026,4.75,Business/Practice Management,LIVE/In Person (Presenter(s) must be available LIVE for Q & A during the duration of the course to constitute as a LIVE/In Person course) (Requires a 5 question quiz which will need to be provided below),SKF Practice Solutions,3,multiple_choice,The Blueprint Method used by SKF Practice Solutions follows four steps to transform how a dental practice operates. What is the correct order of those steps?,"Audit, Adjust, Adopt, Amplify","Assess, Automate, Adopt, Amplify","Review, Rebuild, Retrain, Repeat","Diagnose, Design, Deploy, Deliver",,,A,"Audit, Adjust, Adopt, Amplify"
DA254,Open Dental Users Workshop 2026,4.75,Business/Practice Management,LIVE/In Person (Presenter(s) must be available LIVE for Q & A during the duration of the course to constitute as a LIVE/In Person course) (Requires a 5 question quiz which will need to be provided below),SKF Practice Solutions,4,multiple_choice,"Which of the following best describes why chronic ""doing"" and constant urgency can negatively impact dental practice leadership?",It increases team productivity by keeping everyone focused on immediate tasks,It eliminates the need for systems by relying on experienced team members,"It pushes leaders into reactivity and survival mode, reducing clarity, trust, and decision quality",It improves patient communication by keeping the team in motion throughout the day,,,C,"It pushes leaders into reactivity and survival mode, reducing clarity, trust, and decision quality"
DA254,Open Dental Users Workshop 2026,4.75,Business/Practice Management,LIVE/In Person (Presenter(s) must be available LIVE for Q & A during the duration of the course to constitute as a LIVE/In Person course) (Requires a 5 question quiz which will need to be provided below),SKF Practice Solutions,5,multiple_choice,"In Open Dental, which of the following is a direct consequence of incorrect insurance plan configuration?",Slower appointment scheduling for new patients,Reduced storage capacity for patient records,Claim rejections and inaccurate patient estimates that impact collections,Automatic suspension of the practice's Open Dental license,,,C,Claim rejections and inaccurate patient estimates that impact collections
DA256,"Building a High-Performing Hygiene Department: Clinical Excellence, Patient Care, and Team Collaboration",10,Scientific (Clinical),"LIVE/In Person (Presenter(s) must be available LIVE for Q & A during the duration of the course to constitute as a LIVE/In Person course) (Requires a 5 question quiz which will need to be provided below)
LIVE/Online (Virtual Event, Webinar, Social Media Platform) (Presenter(s) must be available LIVE for Q & A to constitute as a LIVE/Online course) (Requires a 5 question quiz which will need to be provided below)
onDemand Recorded Video (Requires a 5 question quiz which will need to be provided below)
onDemand Recorded Audio (Requires a 5 question quiz which will need to be provided below)",Emme Sanders,1,true_false,Consistent periodontal assessment protocols help improve diagnostic accuracy and support appropriate treatment recommendations throughout the practice.,TRUE,FALSE,,,,,A,TRUE
DA256,"Building a High-Performing Hygiene Department: Clinical Excellence, Patient Care, and Team Collaboration",10,Scientific (Clinical),"LIVE/In Person (Presenter(s) must be available LIVE for Q & A during the duration of the course to constitute as a LIVE/In Person course) (Requires a 5 question quiz which will need to be provided below)
LIVE/Online (Virtual Event, Webinar, Social Media Platform) (Presenter(s) must be available LIVE for Q & A to constitute as a LIVE/Online course) (Requires a 5 question quiz which will need to be provided below)
onDemand Recorded Video (Requires a 5 question quiz which will need to be provided below)
onDemand Recorded Audio (Requires a 5 question quiz which will need to be provided below)",Emme Sanders,2,true_false,Successful patient communication requires every team member to deliver a consistent message regarding the patient's oral health condition and recommended treatment.,TRUE,FALSE,,,,,A,TRUE
DA256,"Building a High-Performing Hygiene Department: Clinical Excellence, Patient Care, and Team Collaboration",10,Scientific (Clinical),"LIVE/In Person (Presenter(s) must be available LIVE for Q & A during the duration of the course to constitute as a LIVE/In Person course) (Requires a 5 question quiz which will need to be provided below)
LIVE/Online (Virtual Event, Webinar, Social Media Platform) (Presenter(s) must be available LIVE for Q & A to constitute as a LIVE/Online course) (Requires a 5 question quiz which will need to be provided below)
onDemand Recorded Video (Requires a 5 question quiz which will need to be provided below)
onDemand Recorded Audio (Requires a 5 question quiz which will need to be provided below)",Emme Sanders,3,multiple_choice,Which of the following is an important component of accurate clinical documentation?,Recording only completed treatment,"Documenting the patient's condition, treatment recommendations, and services provided",Limiting documentation to insurance requirements,Documenting only findings that support treatment acceptance,,,B,"Documenting the patient's condition, treatment recommendations, and services provided"
DA256,"Building a High-Performing Hygiene Department: Clinical Excellence, Patient Care, and Team Collaboration",10,Scientific (Clinical),"LIVE/In Person (Presenter(s) must be available LIVE for Q & A during the duration of the course to constitute as a LIVE/In Person course) (Requires a 5 question quiz which will need to be provided below)
LIVE/Online (Virtual Event, Webinar, Social Media Platform) (Presenter(s) must be available LIVE for Q & A to constitute as a LIVE/Online course) (Requires a 5 question quiz which will need to be provided below)
onDemand Recorded Video (Requires a 5 question quiz which will need to be provided below)
onDemand Recorded Audio (Requires a 5 question quiz which will need to be provided below)",Emme Sanders,4,multiple_choice,Which metric can help a practice evaluate the effectiveness of its hygiene department?,Reappointment percentage,Periodontal Percentage,Open time percentage,All of the above,,,D,All of the above
DA256,"Building a High-Performing Hygiene Department: Clinical Excellence, Patient Care, and Team Collaboration",10,Scientific (Clinical),"LIVE/In Person (Presenter(s) must be available LIVE for Q & A during the duration of the course to constitute as a LIVE/In Person course) (Requires a 5 question quiz which will need to be provided below)
LIVE/Online (Virtual Event, Webinar, Social Media Platform) (Presenter(s) must be available LIVE for Q & A to constitute as a LIVE/Online course) (Requires a 5 question quiz which will need to be provided below)
onDemand Recorded Video (Requires a 5 question quiz which will need to be provided below)
onDemand Recorded Audio (Requires a 5 question quiz which will need to be provided below)",Emme Sanders,5,multiple_choice,Which strategy best supports continuity of patient care?,Allowing patients to schedule appointments only when they call the office,Waiting until patients are overdue before contacting them,Implementing systems that encourage appointment retention and follow-through,Limiting communication to appointment reminder texts,,,C,Implementing systems that encourage appointment retention and follow-through
DA257,Hygiene Leadership Institute,6,Business/Practice Management,"LIVE/Online (Virtual Event, Webinar, Social Media Platform) (Presenter(s) must be available LIVE for Q & A to constitute as a LIVE/Online course) (Requires a 5 question quiz which will need to be provided below)
onDemand Recorded Video (Requires a 5 question quiz which will need to be provided below)
Printed Course (Magazine, Training Program Binder) (Requires a 5 question quiz which will need to be provided below)",Chairside Collaborative,1,true_false,"In your leadership roadmap, there are three areas that should be in alignment. They are Hobies, Passion and Top Strengths.",TRUE,FALSE,,,,,B,FALSE
DA257,Hygiene Leadership Institute,6,Business/Practice Management,"LIVE/Online (Virtual Event, Webinar, Social Media Platform) (Presenter(s) must be available LIVE for Q & A to constitute as a LIVE/Online course) (Requires a 5 question quiz which will need to be provided below)
onDemand Recorded Video (Requires a 5 question quiz which will need to be provided below)
Printed Course (Magazine, Training Program Binder) (Requires a 5 question quiz which will need to be provided below)",Chairside Collaborative,2,true_false,"The CliftonStrengths framework is used in Hygiene Leadership Institute primarily to name, claim, and aim individual talents toward leadership challenges.",TRUE,FALSE,,,,,A,TRUE
DA257,Hygiene Leadership Institute,6,Business/Practice Management,"LIVE/Online (Virtual Event, Webinar, Social Media Platform) (Presenter(s) must be available LIVE for Q & A to constitute as a LIVE/Online course) (Requires a 5 question quiz which will need to be provided below)
onDemand Recorded Video (Requires a 5 question quiz which will need to be provided below)
Printed Course (Magazine, Training Program Binder) (Requires a 5 question quiz which will need to be provided below)",Chairside Collaborative,3,multiple_choice,A dental hygienist stepping into a leadership role must first shift their primary identity from:,Insurance coordinator to clinical trainer,Clinician managing patients to a strategist leading people,Part-time employee to full-time manager,Individual contributor to front office liaison,,,B,Clinician managing patients to a strategist leading people
DA257,Hygiene Leadership Institute,6,Business/Practice Management,"LIVE/Online (Virtual Event, Webinar, Social Media Platform) (Presenter(s) must be available LIVE for Q & A to constitute as a LIVE/Online course) (Requires a 5 question quiz which will need to be provided below)
onDemand Recorded Video (Requires a 5 question quiz which will need to be provided below)
Printed Course (Magazine, Training Program Binder) (Requires a 5 question quiz which will need to be provided below)",Chairside Collaborative,4,multiple_choice,Which of the following best describes the difference between clinical authority and relational influence?,Clinical authority is based on education; relational influence is based on seniority,Clinical authority tells people what to do; relational influence inspires people to want to do it,Relational influence is weaker than clinical authority in a dental setting,They are interchangeable terms in a leadership context,,,B,Clinical authority tells people what to do; relational influence inspires people to want to do it
DA257,Hygiene Leadership Institute,6,Business/Practice Management,"LIVE/Online (Virtual Event, Webinar, Social Media Platform) (Presenter(s) must be available LIVE for Q & A to constitute as a LIVE/Online course) (Requires a 5 question quiz which will need to be provided below)
onDemand Recorded Video (Requires a 5 question quiz which will need to be provided below)
Printed Course (Magazine, Training Program Binder) (Requires a 5 question quiz which will need to be provided below)",Chairside Collaborative,5,multiple_choice,"When setting 90-day priorities for the hygiene department, an effective leader focuses on:",Completing as many tasks as possible to show productivity,The most urgent requests from the doctor,"Identifying the fewest, most important outcomes that move the department forward",Matching priorities set by the front office team,,,C,"Identifying the fewest, most important outcomes that move the department forward"
DA260,"What No One Tells You About Going Digital in Orthodontics: Unlocking Speed, Control, and Profit",1,Business/Practice Management,"LIVE/Online (Virtual Event, Webinar, Social Media Platform) (Presenter(s) must be available LIVE for Q & A to constitute as a LIVE/Online course) (Requires a 5 question quiz which will need to be provided below)
onDemand Recorded Video (Requires a 5 question quiz which will need to be provided below)",People + Practice LLC,1,true_false,Revenue per visit can be a useful metric for evaluating orthodontic practice efficiency.,TRUE,FALSE,,,,,A,TRUE
DA260,"What No One Tells You About Going Digital in Orthodontics: Unlocking Speed, Control, and Profit",1,Business/Practice Management,"LIVE/Online (Virtual Event, Webinar, Social Media Platform) (Presenter(s) must be available LIVE for Q & A to constitute as a LIVE/Online course) (Requires a 5 question quiz which will need to be provided below)
onDemand Recorded Video (Requires a 5 question quiz which will need to be provided below)",People + Practice LLC,2,true_false,Dr. Trotter's solution to increasing patient demand was to immediately hire another associate.,TRUE,FALSE,,,,,B,FALSE
DA260,"What No One Tells You About Going Digital in Orthodontics: Unlocking Speed, Control, and Profit",1,Business/Practice Management,"LIVE/Online (Virtual Event, Webinar, Social Media Platform) (Presenter(s) must be available LIVE for Q & A to constitute as a LIVE/Online course) (Requires a 5 question quiz which will need to be provided below)
onDemand Recorded Video (Requires a 5 question quiz which will need to be provided below)",People + Practice LLC,3,multiple_choice,"According to Dr. Trotter, what became a key measure of practice efficiency?",Revenue per visit,Average treatment time,Number of new patient starts,Total monthly collections,,,A,Revenue per visit
DA260,"What No One Tells You About Going Digital in Orthodontics: Unlocking Speed, Control, and Profit",1,Business/Practice Management,"LIVE/Online (Virtual Event, Webinar, Social Media Platform) (Presenter(s) must be available LIVE for Q & A to constitute as a LIVE/Online course) (Requires a 5 question quiz which will need to be provided below)
onDemand Recorded Video (Requires a 5 question quiz which will need to be provided below)",People + Practice LLC,4,multiple_choice,Which of the following contributed to creating additional practice capacity?,Hiring another associate,Increasing appointment frequency,Reducing unnecessary appointments through custom digital workflows,Shortening office hours,,,C,Reducing unnecessary appointments through custom digital workflows
DA260,"What No One Tells You About Going Digital in Orthodontics: Unlocking Speed, Control, and Profit",1,Business/Practice Management,"LIVE/Online (Virtual Event, Webinar, Social Media Platform) (Presenter(s) must be available LIVE for Q & A to constitute as a LIVE/Online course) (Requires a 5 question quiz which will need to be provided below)
onDemand Recorded Video (Requires a 5 question quiz which will need to be provided below)",People + Practice LLC,5,multiple_choice,Which combination of technologies was discussed as supporting a more efficient and predictable orthodontic workflow?,Traditional impressions and paper charting,Analog indirect bonding and manual scheduling,Self-ligating brackets and in-office photography only,Remote monitoring and digital treatment planning,,,D,Remote monitoring and digital treatment planning
DA258,Streamline and Succeed: Open Dental Training for Dental Office Efficiency,6,Scientific (Clinical),onDemand Recorded Video (Requires a 5 question quiz which will need to be provided below),SKF Practice Solutions,1,true_false,"When a hygiene patient cancels their appointment, you should break the appointment and then delete it instead of sending it to unscheduled",TRUE,FALSE,,,,,A,TRUE
DA258,Streamline and Succeed: Open Dental Training for Dental Office Efficiency,6,Scientific (Clinical),onDemand Recorded Video (Requires a 5 question quiz which will need to be provided below),SKF Practice Solutions,2,true_false,"When adding insurance to a patient in Open Dental, you should always create a new carrier from scratch to ensure accuracy.",TRUE,FALSE,,,,,B,FALSE
DA258,Streamline and Succeed: Open Dental Training for Dental Office Efficiency,6,Scientific (Clinical),onDemand Recorded Video (Requires a 5 question quiz which will need to be provided below),SKF Practice Solutions,3,multiple_choice,"When a patient checks out and is ready to leave, what is the correct way to complete their visit in Open Dental?","Right-click the appointment and select ""Complete""",Complete each procedure individually from the Account module,Complete the procedure from the Chart Module after all procedures are documented,"Mark the appointment as ""Complete"" from the Appointment Lists",,,C,Complete the procedure from the Chart Module after all procedures are documented
DA258,Streamline and Succeed: Open Dental Training for Dental Office Efficiency,6,Scientific (Clinical),onDemand Recorded Video (Requires a 5 question quiz which will need to be provided below),SKF Practice Solutions,4,multiple_choice,Where do you go in Open Dental to add an allergy for a patient?,Account module > Patient Info,Chart Module > Medical History tab > Allergies,Setup > Definitions > Allergies,Patient > Edit > Medical Notes,,,B,Chart Module > Medical History tab > Allergies
DA258,Streamline and Succeed: Open Dental Training for Dental Office Efficiency,6,Scientific (Clinical),onDemand Recorded Video (Requires a 5 question quiz which will need to be provided below),SKF Practice Solutions,5,multiple_choice,A hygiene patient cancels and does not reschedule. Where should this patient appear in Open Dental for follow-up?,The Unscheduled List,The ASAP List,The Recall List,The Planned Appointments tab,,,C,The Recall List